Date,Date ID
2019-01-01,0
2019-01-02,1
2019-01-03,2
2019-01-04,3
2019-01-05,4
2019-01-06,5
2019-01-07,6
2019-01-08,7
2019-01-09,8
2019-01-10,9
2019-01-11,10
2019-01-12,11
2019-01-13,12
2019-01-14,13
2019-01-15,14
2019-01-16,15
2019-01-17,16
2019-01-18,17
2019-01-19,18
2019-01-20,19
2019-01-21,20
2019-01-22,21
2019-01-23,22
2019-01-24,23
2019-01-25,24
2019-01-26,25
2019-01-27,26
2019-01-28,27
2019-01-29,28
2019-01-30,29
2019-01-31,30
2019-02-01,31
2019-02-02,32
2019-02-03,33
2019-02-04,34
2019-02-05,35
2019-02-06,36
2019-02-07,37
2019-02-08,38
2019-02-09,39
2019-02-10,40
2019-02-11,41
2019-02-12,42
2019-02-13,43
2019-02-14,44
2019-02-15,45
2019-02-16,46
2019-02-17,47
2019-02-18,48
2019-02-19,49
2019-02-20,50
2019-02-21,51
2019-02-22,52
2019-02-23,53
2019-02-24,54
2019-02-25,55
2019-02-26,56
2019-02-27,57
2019-02-28,58
2019-03-01,59
2019-03-02,60
2019-03-03,61
2019-03-04,62
2019-03-05,63
2019-03-06,64
2019-03-07,65
2019-03-08,66
2019-03-09,67
2019-03-10,68
2019-03-11,69
2019-03-12,70
2019-03-13,71
2019-03-14,72
2019-03-15,73
2019-03-16,74
2019-03-17,75
2019-03-18,76
2019-03-19,77
2019-03-20,78
2019-03-21,79
2019-03-22,80
2019-03-23,81
2019-03-24,82
2019-03-25,83
2019-03-26,84
2019-03-27,85
2019-03-28,86
2019-03-29,87
2019-03-30,88
2019-03-31,89
2019-04-01,90
2019-04-02,91
2019-04-03,92
2019-04-04,93
2019-04-05,94
2019-04-06,95
2019-04-07,96
2019-04-08,97
2019-04-09,98
2019-04-10,99
2019-04-11,100
2019-04-12,101
2019-04-13,102
2019-04-14,103
2019-04-15,104
2019-04-16,105
2019-04-17,106
2019-04-18,107
2019-04-19,108
2019-04-20,109
2019-04-21,110
2019-04-22,111
2019-04-23,112
2019-04-24,113
2019-04-25,114
2019-04-26,115
2019-04-27,116
2019-04-28,117
2019-04-29,118
2019-04-30,119
2019-05-01,120
2019-05-02,121
2019-05-03,122
2019-05-04,123
2019-05-05,124
2019-05-06,125
2019-05-07,126
2019-05-08,127
2019-05-09,128
2019-05-10,129
2019-05-11,130
2019-05-12,131
2019-05-13,132
2019-05-14,133
2019-05-15,134
2019-05-16,135
2019-05-17,136
2019-05-18,137
2019-05-19,138
2019-05-20,139
2019-05-21,140
2019-05-22,141
2019-05-23,142
2019-05-24,143
2019-05-25,144
2019-05-26,145
2019-05-27,146
2019-05-28,147
2019-05-29,148
2019-05-30,149
2019-05-31,150
2019-06-01,151
2019-06-02,152
2019-06-03,153
2019-06-04,154
2019-06-05,155
2019-06-06,156
2019-06-07,157
2019-06-08,158
2019-06-09,159
2019-06-10,160
2019-06-11,161
2019-06-12,162
2019-06-13,163
2019-06-14,164
2019-06-15,165
2019-06-16,166
2019-06-17,167
2019-06-18,168
2019-06-19,169
2019-06-20,170
2019-06-21,171
2019-06-22,172
2019-06-23,173
2019-06-24,174
2019-06-25,175
2019-06-26,176
2019-06-27,177
2019-06-28,178
2019-06-29,179
2019-06-30,180
2019-07-01,181
2019-07-02,182
2019-07-03,183
2019-07-04,184
2019-07-05,185
2019-07-06,186
2019-07-07,187
2019-07-08,188
2019-07-09,189
2019-07-10,190
2019-07-11,191
2019-07-12,192
2019-07-13,193
2019-07-14,194
2019-07-15,195
2019-07-16,196
2019-07-17,197
2019-07-18,198
2019-07-19,199
2019-07-20,200
2019-07-21,201
2019-07-22,202
2019-07-23,203
2019-07-24,204
2019-07-25,205
2019-07-26,206
2019-07-27,207
2019-07-28,208
2019-07-29,209
2019-07-30,210
2019-07-31,211
2019-08-01,212
2019-08-02,213
2019-08-03,214
2019-08-04,215
2019-08-05,216
2019-08-06,217
2019-08-07,218
2019-08-08,219
2019-08-09,220
2019-08-10,221
2019-08-11,222
2019-08-12,223
2019-08-13,224
2019-08-14,225
2019-08-15,226
2019-08-16,227
2019-08-17,228
2019-08-18,229
2019-08-19,230
2019-08-20,231
2019-08-21,232
2019-08-22,233
2019-08-23,234
2019-08-24,235
2019-08-25,236
2019-08-26,237
2019-08-27,238
2019-08-28,239
2019-08-29,240
2019-08-30,241
2019-08-31,242
2019-09-01,243
2019-09-02,244
2019-09-03,245
2019-09-04,246
2019-09-05,247
2019-09-06,248
2019-09-07,249
2019-09-08,250
2019-09-09,251
2019-09-10,252
2019-09-11,253
2019-09-12,254
2019-09-13,255
2019-09-14,256
2019-09-15,257
2019-09-16,258
2019-09-17,259
2019-09-18,260
2019-09-19,261
2019-09-20,262
2019-09-21,263
2019-09-22,264
2019-09-23,265
2019-09-24,266
2019-09-25,267
2019-09-26,268
2019-09-27,269
2019-09-28,270
2019-09-29,271
2019-09-30,272
2019-10-01,273
2019-10-02,274
2019-10-03,275
2019-10-04,276
2019-10-05,277
2019-10-06,278
2019-10-07,279
2019-10-08,280
2019-10-09,281
2019-10-10,282
2019-10-11,283
2019-10-12,284
2019-10-13,285
2019-10-14,286
2019-10-15,287
2019-10-16,288
2019-10-17,289
2019-10-18,290
2019-10-19,291
2019-10-20,292
2019-10-21,293
2019-10-22,294
2019-10-23,295
2019-10-24,296
2019-10-25,297
2019-10-26,298
2019-10-27,299
2019-10-28,300
2019-10-29,301
2019-10-30,302
2019-10-31,303
2019-11-01,304
2019-11-02,305
2019-11-03,306
2019-11-04,307
2019-11-05,308
2019-11-06,309
2019-11-07,310
2019-11-08,311
2019-11-09,312
2019-11-10,313
2019-11-11,314
2019-11-12,315
2019-11-13,316
2019-11-14,317
2019-11-15,318
2019-11-16,319
2019-11-17,320
2019-11-18,321
2019-11-19,322
2019-11-20,323
2019-11-21,324
2019-11-22,325
2019-11-23,326
2019-11-24,327
2019-11-25,328
2019-11-26,329
2019-11-27,330
2019-11-28,331
2019-11-29,332
2019-11-30,333
2019-12-01,334
2019-12-02,335
2019-12-03,336
2019-12-04,337
2019-12-05,338
2019-12-06,339
2019-12-07,340
2019-12-08,341
2019-12-09,342
2019-12-10,343
2019-12-11,344
2019-12-12,345
2019-12-13,346
2019-12-14,347
2019-12-15,348
2019-12-16,349
2019-12-17,350
2019-12-18,351
2019-12-19,352
2019-12-20,353
2019-12-21,354
2019-12-22,355
2019-12-23,356
2019-12-24,357
2019-12-25,358
2019-12-26,359
2019-12-27,360
2019-12-28,361
2019-12-29,362
2019-12-30,363
2019-12-31,364
2020-01-01,365
